Strategy,累计收益率,年化收益率,夏普比率,索提诺比率,最大回撤,波动率,胜率
等权重策略_TestYear_2019,0.08764577270104845,0.08764577270104845,2.0683622458706723,2.6252522748941476,0.021983094651204956,0.041198566647418805,0.5657370517928287
价格反向策略_TestYear_2019,4.354294702579864e-12,4.354294702579864e-12,2.2640050554191617,2.7734346537846566,1.205480657515494e-12,1.9309793010959767e-12,0.5936254980079682
动量策略_TestYear_2019,0.052061204149978835,0.052061204149978835,2.085328634063966,3.5958789705137684,0.013617224001608839,0.024581402941177246,0.5298804780876494
均值回归策略_TestYear_2019,0.01514707972270024,0.01514707972270024,0.5779572634786498,0.6827877839039044,0.013968590779869883,0.026734197051937084,0.5298804780876494
成交量加权策略_TestYear_2019,0.05842439212249739,0.05842439212249739,2.074872862066322,2.752921740911199,0.015222564424145392,0.027662802330820104,0.5697211155378487
