Strategy,累计收益率,年化收益率,夏普比率,索提诺比率,最大回撤,波动率,胜率
等权重策略_TestYear_2020,0.048181896549655656,0.04798695642509232,0.424965586634699,0.4753316692390012,0.14668077943630864,0.1310321392538008,0.5793650793650794
价格反向策略_TestYear_2020,5.097255950659019e-12,5.077049891610841e-12,0.784155846780055,0.9511140734627759,5.4185511544331295e-12,6.50044414315637e-12,0.5515873015873016
动量策略_TestYear_2020,0.002077135360702309,0.0020689168524508084,0.0657992983488688,0.07966403474955618,0.05097085633683965,0.07925078463741021,0.5317460317460317
均值回归策略_TestYear_2020,0.029281160785952887,0.029163753530185188,0.3309779814059677,0.34405603968613935,0.11486635313101484,0.10340677249130222,0.5476190476190477
成交量加权策略_TestYear_2020,0.03636817465595543,0.036221854462870295,0.44147674942479,0.5095406614870044,0.09878853900548971,0.09014317698519651,0.5634920634920635
