Strategy,累计收益率,年化收益率,夏普比率,索提诺比率,最大回撤,波动率,胜率
等权重策略_TestYear_2021,0.09192621302784731,0.09192621302784731,1.57185973580083,2.1925995797685744,0.029759851881849368,0.05722351775133351,0.5657370517928287
价格反向策略_TestYear_2021,2.3507862323413065e-12,2.3507862323413065e-12,1.5266515652653039,2.239626689216814,8.151400834303281e-13,1.5460352331270378e-12,0.5577689243027888
动量策略_TestYear_2021,0.02698631970818899,0.02698631970818899,0.8782529809001216,1.2142721439469075,0.02249346653231356,0.030989338399582744,0.5697211155378487
均值回归策略_TestYear_2021,0.02174886820420019,0.02174886820420019,0.6539553464434931,0.9361622206938516,0.022028049470530196,0.03391249548927864,0.4820717131474104
成交量加权策略_TestYear_2021,0.04622975933743456,0.04622975933743456,1.2282150812280894,1.758966760009284,0.021114171200240676,0.037518804972386854,0.5378486055776892
