Strategy,累计收益率,年化收益率,夏普比率,索提诺比率,最大回撤,波动率,胜率
等权重策略_TestYear_2022,-0.0494569417398264,-0.04964900707987496,-0.4574544975798367,-0.7000061459620575,0.11274773382690183,0.10067026516068871,0.472
价格反向策略_TestYear_2022,-8.906209103543006e-13,-8.941736240331011e-13,-0.31342100472256756,-0.49072708766782935,3.2890820875753602e-12,2.8642044283621673e-12,0.444
动量策略_TestYear_2022,-0.030567619082256137,-0.030687514436508523,-0.6065276138901996,-0.892861079219307,0.06437138021405282,0.049565647163281594,0.448
均值回归策略_TestYear_2022,-0.048929542389904435,-0.04911961294241973,-0.8006573728894023,-1.1966261498569664,0.07117374232498065,0.060841509214943135,0.448
成交量加权策略_TestYear_2022,-0.04895923929532975,-0.049149422201810955,-0.7311260246227144,-1.112787670894597,0.08305025763326901,0.0662025424800575,0.46
