Strategy,累计收益率,年化收益率,夏普比率,索提诺比率,最大回撤,波动率,胜率
等权重策略_TestYear_2023,0.07495170682892538,0.07557342996573668,1.325184868989632,2.1576049574433838,0.04631320080559492,0.05640537960501618,0.5542168674698795
价格反向策略_TestYear_2023,2.4795721031978246e-12,2.4993340730361524e-12,1.4632323728160124,2.463876642824052,1.0525109246363366e-12,1.7149728511366287e-12,0.5301204819277109
动量策略_TestYear_2023,0.04096951160438955,0.04130394555479544,1.2238354801057048,1.9950621096861625,0.02942208755572305,0.03366957854858228,0.5421686746987951
均值回归策略_TestYear_2023,0.0036760565005673485,0.003705519372456667,0.1349827927637986,0.18815309912947992,0.029561796218086994,0.031092613927625915,0.4939759036144578
成交量加权策略_TestYear_2023,0.05390130921825298,0.054344030708148194,1.5320800765456408,2.5224548082279634,0.028172253548039435,0.03508447386371415,0.5381526104417671
